,ChTaubira,MLP_officiel,dupontaignan,jeanlassalle,JLMelenchon,yjadot,Fabien_Roussel,AnasseKazib,ZemmourEric,UPR_Asselineau,vpecresse,Anne_Hidalgo,n_arthaud,EmmanuelMacron,f_philippot,HeleneThouy
0,#avectaubira,#mlafrance,#passsanitaire,#presidentielle2017,#allomelenchon,#jadot2022,#rencontresjh,#500signaturespouranasse,#facealinfo,#fa22,#pecresse2022,#hidalgo2022,#lci,#franceunie,#frexit,#presidentielle2022
1,#bfmpolitique,#marinepresidente,#cdanslair,#jeanlassalle,#faceabfm,#2022lecologie,#pcf,#ouestanasse,#chateaudun,#passevaccinal,#nouvellefrance,#fluctuatnecmergitur,#macron,#generationegalite,#passvaccinal,#lesanimauxcomptent
2,#hamon2017,#covid19,#passevaccinal,#jeanlassalle2022,#melenchonnantes,#2022lecologi,#legrandrdv,#anasse2022,#zemmourlille,#generationer,#brive2019,#annehidalgo,#lepen,#g7biarritz,#passsanitaire,#pplanimau
3,#reformepenale,#mayotte,#apollinematin,#lamarche,#melenchonbordeau,#valp,#lareunion,#nouvellephotodeprofil,#zemmoursaulieu,#brexit,#soyonslibres,#faceamediapart,#migrant,#vivatech,#unionsacree,#partianimaliste
4,#tdlp,#ethic,#resistance,#directan,#macron,#climat,#roussel2022,#zemmour,#croiseedeschemin,#freedomday,#congreslr,#cop26,#giletsjaune,#unga,#castex19h,#le79inter
5,#directan,#regionales2021,#passevaccinaldelahonte,#entretiendembauche,#melenchoneconomie,#primaireecologiste,#bridgestone,#4decembre,#faceaface,#covid19,#regions2020,#enbleupourunicef,#15minutespourconvaincre,#zevent2021,#manifestation14aout,#stopcorrida
6,#gauche,#vesoul,#covid,#syrie,#melenchonstrasbourg,#elysee2022,#renault,#spaceanasse2022,#sablesdolonn,#nonaupassdelahonte,#avecvalerie,#nuitblanche,#goodyear,#tdf2020,#passdelahonte,#misionabolicion
7,#j21,#bourdindirect,#france,#qag,#jlmstgermain,#microouvert,#pasdeprofitsurlapandemi,#anassesorbonne,#faceababer,#pfizer,#islamisme,#budgetparticipatif,#lt,#countdowntomar,#trocadero,#animau
8,#e1we,#poussay,#passsanitair,#onpc,#conventionpopulaire,#vraieloiclimat,#le79inter,#georgesabdallah,#jesoutienszemmour,#digitalidwallet,#mennecy2020,#samuelpaty,#presidentielles2022,#france2030,#omicron,#helenethouy2022
9,#primairepopulaire,#heninbeaumont,#macron,#presidentielles2017,#jlmsciencespo,#marcheclimat,#fetedelhuma,#meetinganasse2022,#stopcensure,#ivermectine,#charliehebdo,#paris10,#greve26janvier,#choosefrance,#raoult,#vegan
10,#fh2012,#lareunion,#sudradio,#corse,#melenchonnante,#dontlookup,#covid19,#bobignyp1,#chaumont,#assembleenationale,#covid,#findevie,#greve,#arnaudbeltrame,#manifs25septembre,#opportunisme
11,#departementales2015,#rentreemlp,#liberte,#15minutespourconvaincre,#elysee2022,#lgbtqia,#right2cure,#anassekazib2022,#directzemmour,#frexit,#regionidf,#solidarite,#masque,#weare2023,#liberter,#animaljusticeetdroit
12,#e1soir,#frejus,#passesanitaire,#lrdp,#melenchonthinkerview,#pfue2022,#bethune,#sarkozy,#elysee2022,#manif24juillet,#legranddebatlci,#mariagepourtous,#communisme,#4g,#djokovic,#engagementanimaux2022
13,#taubirafdi,#legrandjury,#raoult,#dddxlassalle,#martinique,#mercosur,#fabienroussel2022,#ibiza,#dynamiquezemmour,#senat,#jaimemaboite,#conseildeparis,#lutteouvriere,#thread,#manif7aout,#woody
14,#1ermaips,#congresrn,#manifs21aout,#legranddebat,#melenchonmontpellier,#changeer,#parcoursup,#lespropriossontdesparasi,#saintquentin,#passdelahont,#electionsdepartementales2021,#academieduclimat,#melenchon,#granddebat,#manifestations31juillet,#europeennees2019
15,#parisaffirm,#le20h,#nda2022,#covid19,#questionspol,#changeons,#univpcf,#17octob,#missionconvaincrelci,#manifestation8janvier,#electionsregionales2021,#paris,#retraite,#uneseuleequipe,#conseilconstitutionnel,#parrainages
16,#vierzon,#freju,#vipol,#loinotre,#melenchontf1,#salaire,#jt20h,#23octobr,#manifpolice,#noussommesdesmillion,#voeuxidf,#fabriquedefense,#onpc,#brahimbouarram,#manifs8janvier,#covid19lf
17,#assiseshaineinternet,#hongrie,l#europe,#oloron,#loisfi2022,#therapiesdeconversion,#20h22,#freegeorgesabdallah,#zemmourpouvoirdachat,#generationa,#departementales2021,#paris19,#macrontf1,#agendastrategiqu,#macron20h,#traduisonsles
18,#soutienhumanite,#dupondmoretti,#punchline,#france,#legrandjury,#rte,#jeanyveslafesse,#lannemezan,#zemmourmontsaintmichel,#manifestation,#voeuxlibrer,#descandidatsetdesjeunes,#valls,#1erdecembre,#debatbfmtv,#lebilletdecharline
19,#onpc,#entoutefranchise,#ehpad,#salonagricultur,#directan,#covid,#malopcf,#3x8,#reconquete,#asselineau2022,#debatidf,#respect,#rtlmatin,#jms2020,#frexitvite,#protectionanimale
20,#4v,#lamatinal,#fairereussirlafrance,#sia2017,#avecmelenchon,#ferropem,#evasionfiscal,#garedunord,#zemmour,#2021enfrance,#autisme,#paralympic,#darmanin,#sida,#passsanitairedelahont,#larem
21,#washington,#macron,#franceinfotv,#loitravail,#melenchonparis,#transport,#lafranceencommun,#infrapole,#zemmourduhamel,#31decembr,#brive2021,#tokyo2020,#guerre,#bts,#manifs24juillet,#lachassecetteimposture
22,#ueps2014,#rtlpresidentielle,#veran,#pjlrenseignement,#guyane,#questionspol,#verallia,#travaildenuit,#zemmourvillepinte,#bonneannee2022,#debatlr,#generationhidalgo,#fillongate,#worldaidsday,#bercoffdanstoussesetats,#puces
23,#presidentielle,#francaisreveillezvous,#souverainete,#demainpresident,#dimpol,#sagesfemmes,#stopviolencesfaitesauxfemmes,#meetingmetz,#fai,#bonnesfetes,#fakenews,#hautegaronne,#christinerenon,#segurdelasanter,#3edose,#tchernobyl
24,#ueps2015,#covid19france,#ggrmc,#auvergne,#melenchoneurope,#eelv,#auditionpublique,#xenophobie,#mifexpo,#meilleursvoeux,#soutienafinkielkraut,#rtlsoir,#benalla,#tousanticovid,#caste,#animal
25,#grandsoir3,#departementales2021,#dimpol,#sia2020,#guadeloupe,#lecologiepouragir,#lamatinal,#aed,#charvieu,#nouvelan,#trappes,#jeudiphoto,#gouvernement,#missionalpha,#passsanitair,#presidentielle2002
26,#lgj,#octobrerose,#pouvoirdachat,#france3,#melenchoninternational,#ggrmc,#rousselmarseille,#blanquerbougedela,#uniondesdroites2022,#nouvelan2022,#iledef,#lille,#hopitau,#oneplanetsummit,#boycott,#oceans
27,#quotidien,#cop26,#ecole,#parrainages,#oeed,#laon,#macron20h,#islamophobie,#pluspourlesfrancais,#antipasssanitaire,#transports,#jesuischarlie,#legranddebat,#8mars,#nonaupassvaccinal,#overfishing
28,#cesair,#trumpbanned,#sauvonslafrance,#pjlbiodiversite,#rci,#justice,#bridgeston,#grandpuit,#lafrancedanslesyeux,#polexit,#ryanair,#jesuissamuel,#1917,#earthhour,#manifs20novembr,#elevage
29,#genepi,#reims,#lamatinalewe,#agriculteur,#radiopeyi,#jourdudereglemer,#pandorapaper,#17octobre1961,#laref,#bonneannee,#soyonslibre,#35heure,#greve10decembre,#telethon2020,#brexit,#proteine
30,#culture,#rdvruthelkrief,#castex,#rmc,#lafrancedanslesyeux,#loiclimat,#fillon,#5,#bordeau,#passsanitaire,#desintox,#radioj,#oxfam,#fdday,#pfizergate,#vegetarien
31,#madeinfrance,#punchline,#vironsmacron,#regionales2015,#unionpopulaire,#punchline,#rencontrejh,#afp,#croiseedeschemins,#grandoral,#planvert,#hidalgo,#lautredebat,#journeemondialedelenfance,#manifs21aout,#cide30
32,#tolerantiaawards2018,#lisbonne,#les4v,#rencontresresistons,#bourdindirect,#picardie,#lille,#debatdeladroite,#degaulle,#frakaz,#joptokyo2021,#nuitblanche2021,#edouardphilippe,#unger,#rotterdam,#colloqueprotectionenfance
33,#corruption,#beziers,#liberonsnou,#maternitedublanc,#faceababa,#ouighour,#cors,#racisme,#zemmourvillepint,#bayrou,#ianbrossat,#islam,#arabiesaoudite,#g7france,#stopapartheidsanitaire,#uncrc
34,#fjafa2016,#miler,#manifs7aout,#julianassange,#entoutefranchise,l#ecologie,#nevers,#soutienauxsansfac,#marseille,#manifs24juillet,#sarcelles,#sondages,#demainpresident,#montblanc,#manifs18septembre,#confinementjour17
35,#e1matin,#samuelpaty,#franceinter,#bretagne,#fcpol,#jadotcdanslair,#regionales2021,#fetedelhumer,#idi,#otan,#decrochagescolaire,#education,#trump,#genesis,#passesanitaire,du#ler
36,#droit,#passsanitair,#lr,#salondesmaire,#jlmreims,#jeuxparalympique,#conferencepcf,#grandpuits,#hdpro,#passesanitair,#burqa,#arctriomphe,#bourdindirect,#bastilleday,#manifs23octobre,#quedelacom
37,#nice,#passvaccinal,#russie,#enfantsplace,#melenchonmartinique,#sauvonsgr,#euro2020,#climat,#facealarue,#passesanitaire,#onu,#parissansvoitures,#violencespoliciere,#maillotjaune,#dictaturesanitaire,#fnsea
38,#pjlrenseignement,#eurovision,#resiston,#lesvoixdelinfo,#nucleaire,#primaireecologist,#fraall,#fernand,#debatzemmourmacron,#vaccinationobligatoire,#brexit,#closingceremony,#hospitalier,#journeemondialedesanimaux,#defilehistorique,#an
39,#jevotetaubira,#dimpol,#cnews,#pjleu,#melenchonbfmtv,#cynisme,#oeed,#propagandezemmour,#suppressionpermisapoint,#medias,#maisqui,#pres,l#imperialisme,#tourdefrance,#lafesse,#soja
40,#uberpop,#manifpolice,#ensemblesauvonslafrance,#voteblanc,#rtlsoir,#fossiles,#suez,#plusjamaisca,#pouvoirdachat,#lrem,#regionales,#collegecitoyendefrance,#manif5juillet,#deconfinement,#manifs6novembre,#suite
41,#inhesj,#laguillotiere,#2022nda,#gope2017,#planzerosdf,#conventioncitoyenne,#marchedeslibertes,#trottinettegate,#israelpalestine,#italexit,#hijabeuses,#lafranceavoixhaute,#chomage,#jesauvedesv,#ursuler,#tofu
42,#tirscroises,#les4v,#bfmtvsd,#tdinfos,#nouvellecaledonie,#regionales2021,#climat,#justicepouradama,#bataclan,#vacciner,#onaimenospompier,#13novembre,#relaxe,#9mai,#pannierrunacher,#toulouse
43,#amsterdam,#fessenheim,#mif2021,#nuitdebout,#mardipol,#climate,#hopital,#anassesorbonn,#zenpp,#dictaturesanitaire,#sapeurpompiers,#exposition,#revolutionrusse,#jourdudepassement,#castex,#corrida
44,#ecologie,#trebe,#sanitaire,#directferrari,#melenchontours,#paris2024,#fetedelhumanite,#varier,#bercoffsudradio,#biden,#debatl,#congresess,#2017,#gvs2020,#manifestation31juillet,#beziers
45,#mulhousecvous,#nucleaire,#paralympique,#sapin2,#montebourg,#franzl,#sanofi,#huelgaglobalporelclima,#zemmourtf1,#manifs7aout,#radioj,#happyend,#5decembr,#granddebatdesidee,#lancementdecampagne,#idi
46,#ateliersdelapensee,#europe1,#tousaveclesbleu,#lelive,#melenchonrennes,#angers,#hercul,#madrid,#education,#manifs14aout,#restezchezvous,#journeemondialedurefusdelamisere,#smic,#11mar,#boycottmacron,#electionpresidentielle
47,#8h30franceinfo,#ggrmc,#bfmbusines,#salondulivre,#jlmescp,#rienaguerir,#peugeot,#blanquerdemis,#zemmourpresident,#passsanitair,#furiani,#parispourlemploi,#europeennes2019,#confambas,#manifs7aout,#enmemetemp
48,#saulger,#20h22,#gouvernement,#apreslamarche,#france24,#cannabi,#deconjugalisationaah,#ibizagate,#charlinevanhoenacker,#castex,#pasdematchle5mai,#paris18,#electionslegislatives2017,#loiclimat,#moderna,#nice
49,#lieg,#erdogan,#autoroute,#leliv,#mali,#iledefrance,#aperam,#onestensembl,#rtlmatin,#3novembre9h22,#agencederecouvrement,#ericzemmour,#manif12sept,#cop25,#doctothon,#senat
50,#chasse,#le79inter,#outremer,#lanceursdalerte,#bfmtvsd,#tourneedespossible,#bonjourchezvous,#quotidien,#uniondesdroites,#motiondecensur,#pensionsalimentaires,#thegreatshift,#cheminot,#innogeneration,#nonaupassdelahonte,#dimancheenpolitique
51,#dpda,#occitanie,#ouvalepognon,#reportingpublic,#assange,#lgbtqi,#dunkerque,#smica1800,#legrandjury,#prova,#colombey,#budget,#franceinter,#parispeaceforum,#8janviertousdanslarue,#communique
52,#blum,#pasdevague,#cyclone,#gaillac,#martiniqu,#conditionanimale,#lafrancedesjoursheureu,#pres,#faceabfm,#manif14aout,#antifer,#placerepubliqu,#vall,#countdowntomars,#nonaupassedelahont,#prince
53,#ligue35,d#eolienne,#lamatinale,#tarn,#cdanslair,#faceamediapart,#duhamel,#ouighours,#le79inter,#sudradio,#neplustoutinterdir,#tzcld,#penicaud,#southeusummit,#passvacinal,#ldh
54,#condorcet,#missionconvaincrelci,#fra,#salondelagricultur,#melenchonlille,#primaireecolo,#cgt,#jacobdesvarieux,#faceababa,#ue,#ligne14,l#hopital,#medaille,#agendadavos,#manifs16octobre,#melenchon
55,#ouigours,#classiquematin,#akhenaton,#francoishollande,#livepresidentiel,#eunice,#enroutepour2022,#ripjacobdesvarieux,#entouteverite,#nonaupassedelahont,#fiersdetrebleu,#robertbadinter,#hamon,#manif22juillet,#greve13janvier,#stopchasse
56,#qag,#sommetelevage,#passevaccinaldelahont,#rungis,#nantes,l#eolien,#michelpiccoli,#noustoutes,#cors,#manifestations21aout,#droitedessolution,#pariscentr,#champhol,#dictaturesanitair,#rassemblementhistorique,#1persona1voto
57,#marepublique,#lesfemmesavecmarine,#vaccination,#ppl,#confpressemelenchon,#ouighours,#confinement,#lafrancedanslesyeux,#zoneinterdite,#nonauvaccinobligatoire,#elysee2022,#aperohidalgo,#chartre,#macrondemission,#sarkozy,#felizmarte
58,#weareawelcomingeurope,#garraud2021,#liberonsnous,#resiston,#greve13janvier,#mallogemer,#liberationdepari,#debriefspacetaubira,#calai,#conseilconstitutionel,#fcbpsg,#montpellier,#presidentielle2017,#nonauvaccinobligatoir,#pa,#chasse
59,#aj,#loiavia,#manif8janvier,#resistons,#programmeaec,#crise,#usa,#blanquerdemission,#tribunedesmilitaire,#passvacinal,#ucl,#journeeparisrespire,#soutienanassekazib,#poutin,#strasbourg,#jesoutiensleslanceursdalerte
60,#creteilavectaubira,d#alencon,#montpellier,#an,#mer,#culture,#policier,#beauvaudelasecurite,#20h22,#giletsjaune,#debatdeladroite,#lagrandetransformation,#hopitaux,#poutinebiden,#manifs28aout,#chasseurs
61,#mitterrand,#8mai1945,#blanquer,#assembleenat,#melenchonlemans,#demeter,#tokyo2020,#mediator,#canne,#fillon,#barkhan,#socialdemocrate,#moliere,#putin,#hdespro,#spanish
62,#cavous,#vaucluse,#jo2022,#bfmtv,#chili,#democrati,#marseille,#maghreb,#saccageparis,#sciencespo,#jep2019,#alfortville,#pdg,#usarussia,#masque,#11novembre
63,#ferry,#sudradiomatin,#entoutefranchise,#onvautmieuxqueca,#poutine,#citoyennes,#ledefidesjoursheureux,#citoyennete,#pologne,#jedefendslalanguefrancaise,#patrimoineidf,#ehpad,#blog,#brexiter,#monespacesante,#checknews
64,#histoire,#bridgestone,#rtlmatin,#transitionenergetique,#reussir2022,#fourrure,#cavous,#petitpatron,#nante,#vpecresse,#idf,#illeetvilain,#tati,#manifs4septembre,#floride,#stopabandon
65,#memoir,#camerone2020,#davet,#pyrenee,#glasgow,#negawatt2022,#cavousregarde,#nopasaran,#zemmourspace,#motiondecensure,#transilien,#jeuxolympique,#etudiants,#flamanvill,#montchalingate,#grenoble
66,#greve20janvier,#masques,#letraitreetleneer,#bayonne,#twitch,#greve27janvier,#saintjust,#nopassaran,#debatbfmtv,#olafscholz,#asiabibi,#seine,#tour,#renouvelable,#macronlefou,#lesvraiesvoix
67,#mineurs,#lamatinale,#lhomme,#sia2019,#reml2022,#devoirdevigilance,#aah,#azf20an,#londres,#justemilieu,#espfra,#hidalg,#edvtv,#pluralisme,#65an,#belmondo
68,#bondy,#marseille,#hdpro,#debatlr,#scenarionegawatt2022,#parlementeuropeen,#amazon,#marseille,#18juin1940,#bfmtv,#rerb,#paris15,#zemmour,#clh,#maximebeltra,#parrainage
69,#djihadisme,#justicepourthomas,#carburant,#eta,#macron20h,#jeunesjadot,#oradoursurglan,#pedocriminalite,#hautesavoie,#afghanistan,#barbarapravi,#bonjourchezvous,#licenciements,#convoidelaliberte,#manif17juillet,#maire
70,#presidentielles2017,#18juin1940,#eolienne,#simoneveil,#journeemondialedesanimal,l#eau,#flanders2021,#strike,#rentreeof,#mif,#voila,#suisse,#soignants,#europenn,#bhl,#decu
71,#noelpourtous,#isere,#facteurdecharge,#perpignan,#programmemelenchon,#les4v,#erdogan,#ter,#zemmourecole,#truckersforfreedom2022,#touquet,#samifrey,#tf1,l#aveyron,#manif18septembre,#pplanimaux
72,#onauratout,#saintondras,#touchepasaraoult,#marcheblanche,#melenchon,#afghanwomen,#segur,#faceauxindes,#versaille,#trudeau,#avignon,#don,#syrie,#orsan,#couvrefeu,#rippluralisme
73,#egalite,#1ermairn,#justicepoursarahhalimi,#hommagenational,#france2,#no2talibanyes2womensright,#bergerac,#lapolicetue,#zemmoureveilleurs,#manif22juillet,#magnanville,#presidentielle2022,#retraiteparpoint,#parrainezhelenethou,l#unionsacree,#giec
74,#stupefier,#brassens,#presidentielle2022,#vaccination,#instaliv,#standwithwomenofafghanistan,#dordogne,#ana,#zemmourvsmelenchon,#ivermectin,#nante,#ballondor,#travailleur,#presid,#danemark,#mafrance
75,#noel,#georgesbrassens,#taxe,#ladesobeissance,#mafrance,#photovoltaiqu,#fraudefiscal,#cgt,#zemmourbfm,#espfra,#fiertefrancaise,#algerie,#lcimidi,#helen,#manifs11septembre,#europe1
76,#cachan,#municipales2020,#gendarmerie,#cestbonpourlemoral,#auditionspup,#photowatt,#luxembourg,#ratp,#aixenprovence,#martel,#sncf,#socialdemocratie,#creil,l#atih,#seychelle,#les4v
77,#gauch,#ecole,#ouvron,#sia2018,#faceababer,#ecologiste,#etudiant,#ahmedsyller,#regionales2021,#liberte,#route,#liberationdeparis,#reformeretraite,#astrazeneca,#colombey,#banliveexport
78,#tbdp,#renne,#toutcapourca,#placementsabusif,#castex,#envoyespecial,#engie,#fetedelhuma,#cannes,#nouvellecaledonie,#democratie,#jeuxpourtous,#poutou,#electionseuropeennes2019,#manifestations11septembr,#droitanimal
79,#liege,#migrant,#rouen,#lanceurdalerte,#martinique1ere,#hulot,#jeanjaures,#pcrgratuitpourtous,#endirect,#,#logement,#rueauxenfant,#rouvray,#rfimatin,#vivezlibre,#droitanimalier
80,#4verites,#perpignan,#manif,#secretdesaffaire,#melenchonsorbonne,#goliathlefilm,#congepaternite,#justicepourgaye,#bygmalion,#manif7aout,#respect,#pythonduvernoi,#delevoy,#peltier,#31decembre,#municipale
81,#mjs,#faceabfm,#bruler,#lobbys,#polatable,#twitch,#elections2021,#obligationvaccinale,#13novembre2015,#moscou,#changerle20,#haiti,#greve17decembre,#zemmoureric,#verandemission,#parrainezhelenethouy
82,#femmes,#bfmpolitiqu,#antipassesanitaire,#agriculture,#europe,#vertlinfinietaudela,#charliehebdo,#racismeetislamophobie,#18juin,#oms,#voile,#paris13,#bollorer,#renaulflin,#jenesuispasunrhinocero,#politiqu
83,#ddd,#conflans,#antiva,#presidentielleamericaine,#partiedecampagne,#animaux2022,#gaz,#alliance,#rtlsoir,#franceinfo,#11septembre2001,#handicap,#deconfinement,#electionsregionale,#congreslp,#morgankeane
84,#justice,#conflanssaintehonorine,#hygieniste,#salondelagriculture,#20h22,#covid19,#lesmatinslci,#debrief2022,#zemmourtaddei,#verancharlatan,#10mai,#balard,#covid,#bettencourt,#nesuspendezpersonne,#municipales2020
85,#bfmtvsd,#bayeux,#voiture,#pierrefitte,#melenchonnanter,#stopeumercosur,#initiativespcf,#chomage,#ruthelkrief2022,#dictature,#jeanpiat,#paris2024,d#amiens,#motiondecensure,#loidelahonte,#zoumaout
86,#soutienreformepenal,#ccifdissolution,#confinement,#polmat,#passsanitaire,#guyane,#ppl,#pourquoilagaucheesta20,#zemmourcroissance,#pjlsanitair,#irak,#freeuyghur,#regularisation,#1607h,#assange,#abattoirs
87,#clubjeanjaure,#soignant,#bonsens,#ukraine,#passvaccinal,#f2f,#jus,#pouvoirdachat,#carburer,#blanquer,#transportsidf,#nouvelanlunaire,#sanspapiers,#municipal,#manifs4decembre,#ministereprotectionanimale
88,#taubiramtl,#hdpros,#casedispute,#ase,#twitterspace,#greendeal,#matinspresidentiel,#blanquer,#reconqu,#peltier,#nigeria,#journeesdupatrimoine,#voile,#pensions,#onestdesmillions,#causeanimale
89,#votehollande,#bfmpolitique,#questionspol,#sondage,#melenchontour,#souffranceanimale,#jeunesse,#debriefspaceps,#cavous,#zemmoureric,#mercijulien,#paris12,#giletsjaunes3ans,#he,#edf,#comafeco
90,#maubeuge,#parrainages,#sauverlafrance,#assemblee,#melenchonukraine,#oneoceansummit,#generationidentitaire,#guadeloupe,#lachapellesurerdre,#yvelines,#accessibilite,l#afghanistan,d#algerie,#senateur,#jesoutiensdjokovic,#plusjamaisca
91,#protectiondesvictime,#xvdefrance,#ukraine,#auschwitz,#nonvaccines,#endometriose,#australie,#repressio,#yassinebelattar,#rivotril,#lycee,#egypte,#melenchonmarseille,#prim,#degaulle,#presi
92,#gospel,#convoisdelaliberter,#eurovision,#noublionsjamais,#ipsos,#brest,#duvent,#zineb,#noustoutesaveczemmour,#euro,#afghanistan,#logement,#carrefour,#immigre,#8janvier,#presiden
93,#bfmpolitiqu,#madrid,#cjue,#shoah,#lci,#colere,#gafam,#greveroissy,#bonjourchezvous,#target2,#ausfrer,#doc,#presidentielle2022,#quotas,#delfraissy,#pr
94,#passion,#degaulle,#lafay,#corruptionu,#cop26,#ferroglobe,#voleurs,#sncf,#zemmoureveilleur,#franc,#fedcup,#mairesdefrance,#demission,#helenethouy2002,#macronvaccingate,#presidentielle
95,#reflexion,#franzl,#entoutefranchis,#luxleaks,#bfmbusines,#oeed,#demission,#presidentielle2022,#alencon,#manif17juillet,#lignep,#pol,#capitalisme,#droitdusol,#lavande,#legislatives2022
96,#fanon,#avesnessurhelpe,#fraslo,#berry,#melenchonguadeloupe,#presidentielle,#navalgroup,l#electionpr,#handicap,#poutine,#regionsolidaire,#les4v,#revolution,#darmarin,#buzyn,#cirquesansanimaux
97,#ruthelkrief2022,#localisme,#blachier,#citoyensdebout,#debatmelenchonmacron,#hautsdefrance,#mali,#pandorapapers,#nice,#inflation,#stephaneraffali,#presidentielles2022,#manifestation,#lemair,#manifs22janvier,#sevillaantitaurina
98,#periscope,#regionale,#recreation,#arnaudbeltrame,#kourou,#calvados,#electricite,#covid19,#24hpujadas,#vaccin,#royaumont,#valdo,#separatisme,d#aidesociale,#4emedose,#cherbourg
99,#rendeznousnosfilles,#policiers,#le21h23h,#bearn,#france3,#3novembre9h22,#lafrancedesjoursheureux,#500,#international,#poutin,#mercosurue,l#elysee2022,#covid2019,#julienbayou,#melenchon,#presidentielle20
